{
  "Information": [
    "This file is used by the AWS .NET Mock Lambda Test Tool to launch your project.",
    "This file is also used when deploying your project to AWS Lambda with the .NET CLI's 'publish' command."
  ],
  "profile": "default",
  "region": "us-east-1",
  "configuration": "Release",
  "framework": "net8.0",
  "function-runtime": "dotnet8",
  "function-memory-size": 256,
  "function-timeout": 30,
  "function-handler": "Weather::Weather.LambdaEntryPoint::FunctionHandlerAsync"
}
